{
    "directed": true,
    "multigraph": false,
    "graph": {},
    "nodes": [
        {
            "start_time": 12.23606797749979,
            "id": 3
        },
        {
            "start_time": 34.30713578936526,
            "id": 4
        }
    ],
    "edges": [
        {
            "distance": 7.0710678118654755,
            "source": 3,
            "target": 4
        }
    ]
}