{
    "directed": true,
    "multigraph": false,
    "graph": {},
    "nodes": [
        {
            "start_time": 3.0,
            "id": 1
        },
        {
            "start_time": 12.23606797749979,
            "id": 3
        },
        {
            "start_time": 44.30713578936526,
            "id": 5
        }
    ],
    "edges": [
        {
            "distance": 3.605551275463989,
            "source": 1,
            "target": 3
        },
        {
            "distance": 7.0710678118654755,
            "source": 3,
            "target": 5
        }
    ]
}